{
  "$schema": "../gen/schemas/desktop-schema.json",
  "identifier": "default",
  "description": "Capability for the main window",
  "windows": ["main"],
  "permissions": [
    "core:default",
    "opener:default",

    "core:window:allow-close",
    "core:window:allow-start-dragging",
    "core:app:allow-app-hide",
    "core:app:allow-app-show",
    "core:window:allow-minimize",

    "dialog:default",
    "shell:default",
    "notification:allow-notify",
    {
      "identifier": "opener:allow-open-path",
      "allow": [
        {
          "path": "**"
        }
      ]
    }
  ]
}
