{ "SKIN": "CID_028_Athena_Commando_F",
  "SKIN_PRICE": 0,

  "SKIN2": "CID_625_Athena_Commando_F_PinkTrooper",
  "SKIN2_PRICE": 0,

  "SKIN3": "Character_Hitman_Dark",
  "SKIN3_PRICE": 0,

  "SKIN4": "",
  "SKIN4_PRICE": 0,

  "PICKAXE": "",
  "PICKAXE_PRICE": 0,

  "PICKAXE1": "",
  "PICKAXE1_PRICE": 0,

  "PICKAXE2": "Pickaxe_ID_804_FNCSS20Male",
  "PICKAXE2_PRICE": 1,

  "PICKAXE3": "Pickaxe_ID_294_CandyCane",
  "PICKAXE3_PRICE": 1,

  "DANCE": "EID_TakeTheL",
  "DANCE_PRICE": 0,

  "DANCE1": "EID_Griddles",
  "DANCE1_PRICE": 0,

  "GLIDER": "Umbrella_Snowflake",
  "GLIDER_PRICE": 0,

  "GLIDER1": "",
  "GLIDER1_PRICE": 1,
  "SECTION_Core Bundle": "SplitDiamond_Bundle",
  "SECTION_Core Bundle_PRICE": 1
}