{
  "_id": "",
  "createdAt": "",
  "updatedAt": "",
  "rvn": 0,
  "wipeNumber": 1,
  "accountId": "",
  "profileId": "athena",
  "version": "no_version",
  "stats": {
    "attributes": { 
      "season_match_boost": 0,
      "loadouts": ["sandbox_loadout"],
      "rested_xp_overflow": 0,
      "mfa_reward_claimed": true,
      "quest_manager": {},
      "book_level": 1,
      "season_num": 19,
      "season_update": 1,
      "book_xp": 1,
      "permissions": [],
      "book_purchased": false,
      "lifetime_wins": 0,
      "party_assist_quest": "",
      "purchased_battle_pass_tier_offers": [],
      "rested_xp_exchange": 0,
      "level": 1,
      "xp_overflow": 0,
      "rested_xp": 0,
      "rested_xp_mult": 0,
      "accountLevel": 1,
      "competitive_identity": {},
      "inventory_limit_bonus": 0,
      "last_applied_loadout": "sandbox_loadout",
      "daily_rewards": {},
      "xp": 0,
      "season_friend_match_boost": 1,
      "active_loadout_index": 0,
      "past_seasons": []
    }
  },
  "items": {
    "sandbox_loadout": {
      "templateId": "CosmeticLocker:cosmeticlocker_athena",
      "attributes": {
        "locker_slots_data": {
          "slots": {
            "Pickaxe": {
              "items": ["AthenaPickaxe:DefaultPickaxe"],
              "activeVariants": []
            },
            "Dance": {
              "items": ["", "", "", "", "", ""]
            },
            "Glider": {
              "items": ["AthenaGlider:DefaultGlider"]
            },
            "Character": {
              "items": []
            },
            "Backpack": {
              "items": [""],
              "activeVariants": [
                {
                  "variants": []
                }
              ]
            },
            "ItemWrap": {
              "items": ["", "", "", "", "", "", ""],
              "activeVariants": [null, null, null, null, null, null, null]
            },
            "LoadingScreen": {
              "items": [""],
              "activeVariants": [null]
            },
            "MusicPack": {
              "items": [""],
              "activeVariants": [null]
            },
            "SkyDiveContrail": {
              "items": [""],
              "activeVariants": [null]
            }
          }
        },
        "use_count": 0,
        "banner_icon_template": "",
        "banner_color_template": "",
        "locker_name": "",
        "item_seen": false,
        "favorite": false
      },
      "quantity": 1
    },
    "core0-loadout": {
      "templateId": "CosmeticLocker:cosmeticlocker_athena",
      "attributes": {
        "locker_slots_data": {
          "slots": {
            "Pickaxe": {
              "items": ["AthenaPickaxe:DefaultPickaxe"],
              "activeVariants": []
            },
            "Dance": {
              "items": ["", "", "", "", "", ""]
            },
            "Glider": {
              "items": ["AthenaGlider:DefaultGlider"]
            },
            "Character": {
              "items": [],
              "activeVariants": [
                {
                  "variants": []
                }
              ]
            },
            "Backpack": {
              "items": [""],
              "activeVariants": [
                {
                  "variants": []
                }
              ]
            },
            "ItemWrap": {
              "items": ["", "", "", "", "", "", ""],
              "activeVariants": [null, null, null, null, null, null, null]
            },
            "LoadingScreen": {
              "items": [""],
              "activeVariants": [null]
            },
            "MusicPack": {
              "items": [""],
              "activeVariants": [null]
            },
            "SkyDiveContrail": {
              "items": [""],
              "activeVariants": [null]
            }
          }
        },
        "use_count": 0,
        "banner_icon_template": "",
        "banner_color_template": "",
        "locker_name": "exit",
        "item_seen": false,
        "favorite": false
      },
      "quantity": 1
    },
    "AthenaPickaxe:DefaultPickaxe": {
      "attributes": {
        "favorite": false,
        "item_seen": true,
        "level": 0,
        "max_level_bonus": 0,
        "rnd_sel_cnt": 0,
        "variants": [],
        "xp": 0
      },
      "templateId": "AthenaPickaxe:DefaultPickaxe"
    },
    "AthenaGlider:DefaultGlider": {
      "attributes": {
        "favorite": false,
        "item_seen": true,
        "level": 0,
        "max_level_bonus": 0,
        "rnd_sel_cnt": 0,
        "variants": [],
        "xp": 0
      },
      "templateId": "AthenaGlider:DefaultGlider"
    },
    "AthenaDance:EID_DanceMoves": {
      "attributes": {
        "favorite": false,
        "item_seen": true,
        "level": 0,
        "max_level_bonus": 0,
        "rnd_sel_cnt": 0,
        "variants": [],
        "xp": 0
      },
      "templateId": "AthenaDance:EID_DanceMoves"
    }
  },
  "commandRevision": 0
}
