{
  "created": "",
  "updated": "",
  "rvn": 1,
  "wipeNumber": 1,
  "accountId": "",
  "profileId": "campaign",
  "version": "no_version",
  "items": {
    "bb5e6cc5-8083-412e-a391-3b434462f4a6": {
      "templateId": "Token:campaignaccess",
      "attributes": {
        "max_level_bonus": 0,
        "level": 1, 
        "item_seen": false,
        "xp": 0,
        "favorite": false
      },
      "quantity": 1
    },
    "66aae8ae-9385-4ad4-8ef5-6f4101eda97d": {
      "templateId": "Token:homebasepoints",
      "attributes": {
        "max_level_bonus": 0,
        "level": 1,
        "item_seen": false,
        "xp": 0,
        "favorite": false
      },
      "quantity": 10
    },
    "f69cb275-6343-4184-8d77-a2ec23f7a324": {
      "templateId": "HomebaseNode:startnode_commandcenter",
      "attributes": {},
      "quantity": 1
    },
    "650cb189-6f0d-4984-86a2-13f9ee346ef5": {
      "templateId": "Schematic:ammo_explosive",
      "attributes": { "level": 1 },
      "quantity": 1
    },
    "ae22c15e-962b-4878-b0c4-9e3dd19c140f": {
      "templateId": "Hero:hid_commando_grenadegun_uc_t01",
      "attributes": {
        "hero_name": "DefaultHeroName",
        "level": 1,
        "squad_id": "squad_combat_adventuresquadone",
        "squad_slot_idx": 0,
        "building_slot_used": -1
      },
      "quantity": 1
    },
    "eb236659-467c-4c8e-ae41-b9f5078d057b": {
      "templateId": "Schematic:ammo_bulletsheavy",
      "attributes": { "level": 1 },
      "quantity": 1
    },
    "405782e9-803f-4495-8e45-8594ca6548fb": {
      "templateId": "Quest:homebasequest_researchpurchase",
      "attributes": {
        "quest_state": "Claimed",
        "completion_unlock_skill_tree_researchfortitude": 0,
        "last_state_change_time": "2024-09-16T01:26:50.347Z",
        "max_level_bonus": 0,
        "level": -1,
        "item_seen": false,
        "xp": 0,
        "sent_new_notification": true,
        "favorite": false
      },
      "quantity": 1
    },
    "cbc02406-02a1-423a-bbb3-508a8be3b46d": {
      "templateId": "Quest:achievement_craftfirstweapon",
      "attributes": {
        "quest_state": "Claimed",
        "completion_custom_craftfirstweapon": 0,
        "level": -1,
        "item_seen": false,
        "playlists": [],
        "sent_new_notification": true,
        "challenge_bundle_id": "",
        "xp_reward_scalar": 1,
        "quest_pool": "",
        "bucket": "",
        "creation_time": "2024-09-16T05:03:59.282Z",
        "last_state_change_time": "2024-09-16T01:26:50.347Z",
        "challenge_linked_quest_parent": "",
        "challenge_linked_quest_given": "",
        "max_level_bonus": 0,
        "xp": 0,
        "quest_rarity": "uncommon",
        "favorite": false
      },
      "quantity": 1
    },
    "db504a1a-a01e-4cee-9264-fe51225d4e11": {
      "templateId": "Quest:achievement_protectthesurvivors",
      "attributes": {
        "quest_state": "Claimed",
        "completion_custom_protectthesurvivors": 1,
        "creation_time": "2024-09-16T05:03:59.282Z",
        "level": -1,
        "item_seen": false,
        "playlists": [],
        "sent_new_notification": true,
        "challenge_bundle_id": "",
        "xp_reward_scalar": 1,
        "challenge_linked_quest_given": "",
        "quest_pool": "",
        "bucket": "",
        "last_state_change_time": "2024-09-16T01:26:50.347Z",
        "challenge_linked_quest_parent": "",
        "max_level_bonus": 0,
        "xp": 0,
        "quest_rarity": "uncommon",
        "favorite": false
      },
      "quantity": 1
    },
    "7a0720e2-abd6-4f27-9f25-dd999a6425a9": {
      "templateId": "Quest:homebaseonboarding",
      "attributes": {
        "creation_time": "2024-09-16T05:03:59.282Z",
        "quest_state": "Active",
        "last_state_change_time": "2024-09-16T05:03:59.282Z",
        "level": -1,
        "quest_rarity": "uncommon",
        "xp_reward_scalar": 1,
        "item_seen": false,
        "completion_hbonboarding_completezone": 1,
        "completion_hbonboarding_watchsatellitecine": 1,
        "completion_hbonboarding_namehomebase": 0,
        "sent_new_notification": true
      },
      "quantity": 1
    },
    "30ff206c-7280-4a40-8c98-c0a14a50b9c5": {
      "templateId": "Quest:homebasequest_completeexpedition",
      "attributes": {
        "quest_state": "Claimed",
        "last_state_change_time": "2024-09-16T01:26:50.347Z",
        "max_level_bonus": 1,
        "level": -1,
        "item_seen": true,
        "xp": 0,
        "sent_new_notification": true,
        "favorite": false,
        "completion_collectexpedition": 1
      },
      "quantity": 1
    },
    "5edc33f9-bbc0-4b9b-9acf-ee55551cc712": {
      "templateId": "Schematic:ammo_bulletslight",
      "attributes": { "level": 1 },
      "quantity": 1
    },
    "0c2727c2-ac84-4e53-afcf-0d4f2e8e0335": {
      "templateId": "Schematic:ammo_shells",
      "attributes": { "level": 1 },
      "quantity": 1
    },
    "c49ab4d6-3235-4fc8-8810-a1a795fb33aa": {
      "templateId": "Schematic:sid_assault_auto_c_ore_t00",
      "attributes": { "level": 1 },
      "quantity": 1
    },
    "a7564829-d56a-4a5e-86d2-926efeba34ff": {
      "templateId": "Schematic:ammo_bulletsmedium",
      "attributes": { "level": 1 },
      "quantity": 1
    },
    "bbdf6e34-9472-46da-9050-de66e3d42dc3": {
      "templateId": "AccountResource:SchematicXP",
      "attributes": {
        "item_seen": true,
        "durability": 1,
        "level": 1,
        "favorite": false,
        "xp": 100000
      },
      "quantity": 100000
    },
    "65df7125-c6e7-4f3d-9ad3-e73275337f1f": {
      "templateId": "AccountResource:HeroXP",
      "attributes": {
        "item_seen": false,
        "durability": 1,
        "level": 1,
        "favorite": false,
        "xp": 0
      },
      "quantity": 100000
    },
    "0a6645d1-cb9b-44ae-9fd5-e685a3ee8f3d": {
      "templateId": "AccountResource:PersonnelXP",
      "attributes": {
        "item_seen": false,
        "durability": 1,
        "level": 1,
        "favorite": false,
        "xp": 100000
      },
      "quantity": 100000
    },
    "3e4b6dd6-452c-42a7-a37a-0e5bae90b259": {
      "templateId": "Token:accountinventorybonus",
      "attributes": {
        "max_level_bonus": 0,
        "level": 1,
        "item_seen": false,
        "xp": 0,
        "favorite": false
      },
      "quantity": 25
    },
    "b84a1784-ab6c-4bc6-8694-7c59682a2f54": {
      "templateId": "HomebaseBannerColor:DefaultColor1",
      "attributes": { "item_seen": true },
      "quantity": 1
    },
    "3cfd937f-ff33-4447-a012-7ac62477608a": {
      "templateId": "HomebaseBannerColor:DefaultColor2",
      "attributes": { "item_seen": true },
      "quantity": 1
    },
    "248b160d-9d65-448c-b3b8-5711fa0594dc": {
      "templateId": "HomebaseBannerColor:DefaultColor3",
      "attributes": { "item_seen": true },
      "quantity": 1
    },
    "7f5f7fc4-bbf0-4d6f-a4a6-a8fe07df999f": {
      "templateId": "HomebaseBannerColor:DefaultColor4",
      "attributes": { "item_seen": true },
      "quantity": 1
    },
    "4ca2fd68-74af-4a42-98ba-48b6bead9d47": {
      "templateId": "HomebaseBannerColor:DefaultColor5",
      "attributes": { "item_seen": true },
      "quantity": 1
    },
    "cc476212-fbf7-4b9f-b482-337f85d69d9d": {
      "templateId": "HomebaseBannerColor:DefaultColor6",
      "attributes": { "item_seen": true },
      "quantity": 1
    },
    "85500f21-6883-45df-8344-3757103bca3a": {
      "templateId": "HomebaseBannerColor:DefaultColor7",
      "attributes": { "item_seen": true },
      "quantity": 1
    },
    "d513dfe7-184b-4e85-ad29-6c82b538f084": {
      "templateId": "HomebaseBannerColor:DefaultColor8",
      "attributes": { "item_seen": true },
      "quantity": 1
    },
    "bf7a6ed8-ae70-4a0e-9be5-fd2b57f2363c": {
      "templateId": "HomebaseBannerColor:DefaultColor9",
      "attributes": { "item_seen": true },
      "quantity": 1
    },
    "7204f874-1a1c-4760-98ed-d1bcae7d8ddf": {
      "templateId": "HomebaseBannerColor:DefaultColor10",
      "attributes": { "item_seen": true },
      "quantity": 1
    },
    "20aa8ab1-d06d-43c5-aa43-d3660ffa32ee": {
      "templateId": "HomebaseBannerColor:DefaultColor11",
      "attributes": { "item_seen": true },
      "quantity": 1
    },
    "d488034d-7fbc-4719-8f85-5a199be78b04": {
      "templateId": "HomebaseBannerColor:DefaultColor12",
      "attributes": { "item_seen": true },
      "quantity": 1
    },
    "64e9ffef-ab2a-4395-8660-4e16e0599ca7": {
      "templateId": "HomebaseBannerColor:DefaultColor13",
      "attributes": { "item_seen": true },
      "quantity": 1
    },
    "4f2001d8-ba68-4aa4-a724-3b8c41a22551": {
      "templateId": "HomebaseBannerColor:DefaultColor14",
      "attributes": { "item_seen": true },
      "quantity": 1
    },
    "aae212ca-2b53-435d-ad9f-9fd91d2b4aea": {
      "templateId": "HomebaseBannerColor:DefaultColor15",
      "attributes": { "item_seen": true },
      "quantity": 1
    },
    "d9c8fcf8-136a-4bdd-a3cf-c2c8882db0cf": {
      "templateId": "HomebaseBannerColor:DefaultColor16",
      "attributes": { "item_seen": true },
      "quantity": 1
    },
    "553d6539-3046-4b38-9676-8de29f561b10": {
      "templateId": "HomebaseBannerColor:DefaultColor17",
      "attributes": { "item_seen": true },
      "quantity": 1
    },
    "01e249ac-1614-497e-b0ed-1548289e7196": {
      "templateId": "HomebaseBannerColor:DefaultColor18",
      "attributes": { "item_seen": true },
      "quantity": 1
    },
    "e6328c59-85ea-4fcd-8443-864d88f15fea": {
      "templateId": "HomebaseBannerColor:DefaultColor19",
      "attributes": { "item_seen": true },
      "quantity": 1
    },
    "b23192a7-a331-4f68-a38a-23c356ec8566": {
      "templateId": "HomebaseBannerColor:DefaultColor20",
      "attributes": { "item_seen": true },
      "quantity": 1
    },
    "c9630232-b6f7-4577-855d-548de7db66f4": {
      "templateId": "HomebaseBannerColor:DefaultColor21",
      "attributes": { "item_seen": true },
      "quantity": 1
    },
    "d8e9e6ed-0ac1-4c2c-be56-f83ce6728384": {
      "templateId": "HomebaseBannerIcon:StandardBanner1",
      "attributes": { "item_seen": true },
      "quantity": 1
    },
    "57a61d6e-ab32-450d-bd72-f79d8de19d10": {
      "templateId": "HomebaseBannerIcon:StandardBanner2",
      "attributes": { "item_seen": true },
      "quantity": 1
    },
    "5f3f8476-8ed4-4456-9d3a-cab05827ea6a": {
      "templateId": "HomebaseBannerIcon:StandardBanner3",
      "attributes": { "item_seen": true },
      "quantity": 1
    },
    "828ac2bf-e085-44ca-9bdf-652b3f2cdc16": {
      "templateId": "HomebaseBannerIcon:StandardBanner4",
      "attributes": { "item_seen": true },
      "quantity": 1
    },
    "c9b7fe78-fb37-4e47-8f54-e7948a655832": {
      "templateId": "HomebaseBannerIcon:StandardBanner5",
      "attributes": { "item_seen": true },
      "quantity": 1
    },
    "d0dad518-a330-4af1-92b3-2d60a8040fdb": {
      "templateId": "HomebaseBannerIcon:StandardBanner6",
      "attributes": { "item_seen": true },
      "quantity": 1
    },
    "8cf08444-f377-4dd2-92b7-ec52baca1e1e": {
      "templateId": "HomebaseBannerIcon:StandardBanner7",
      "attributes": { "item_seen": true },
      "quantity": 1
    },
    "a99ca182-2aa6-4043-8c64-6466e76e7395": {
      "templateId": "HomebaseBannerIcon:StandardBanner8",
      "attributes": { "item_seen": true },
      "quantity": 1
    },
    "0676db06-199f-488e-b7d1-af2ba6c91da1": {
      "templateId": "HomebaseBannerIcon:StandardBanner9",
      "attributes": { "item_seen": true },
      "quantity": 1
    },
    "82548af9-1e9f-4214-afb8-90e6bc287489": {
      "templateId": "HomebaseBannerIcon:StandardBanner10",
      "attributes": { "item_seen": true },
      "quantity": 1
    },
    "48e2cefb-10a7-4156-a1b4-d06298ee7019": {
      "templateId": "HomebaseBannerIcon:StandardBanner11",
      "attributes": { "item_seen": true },
      "quantity": 1
    },
    "54124c3a-ac28-4542-b0f1-9ceece59914a": {
      "templateId": "HomebaseBannerIcon:StandardBanner12",
      "attributes": { "item_seen": true },
      "quantity": 1
    },
    "67f1a3ad-9c55-47e0-b95d-ba6fb80dd29b": {
      "templateId": "HomebaseBannerIcon:StandardBanner13",
      "attributes": { "item_seen": true },
      "quantity": 1
    },
    "5c0e5b7d-a33f-4a12-aeed-5669ab98f68f": {
      "templateId": "HomebaseBannerIcon:StandardBanner14",
      "attributes": { "item_seen": true },
      "quantity": 1
    },
    "3c83c41f-da68-425b-b7df-f48125af6873": {
      "templateId": "HomebaseBannerIcon:StandardBanner15",
      "attributes": { "item_seen": true },
      "quantity": 1
    },
    "0ce95a0b-9962-411e-a5de-68133559843b": {
      "templateId": "HomebaseBannerIcon:StandardBanner16",
      "attributes": { "item_seen": true },
      "quantity": 1
    },
    "af64324b-583b-4649-924d-09273e435a03": {
      "templateId": "HomebaseBannerIcon:StandardBanner17",
      "attributes": { "item_seen": true },
      "quantity": 1
    },
    "a28354e9-bef6-4f98-837d-40e4bdf93e7f": {
      "templateId": "HomebaseBannerIcon:StandardBanner18",
      "attributes": { "item_seen": true },
      "quantity": 1
    },
    "e165a9c1-631f-459e-929d-3f8125531adb": {
      "templateId": "HomebaseBannerIcon:StandardBanner19",
      "attributes": { "item_seen": true },
      "quantity": 1
    },
    "84f553d1-2e39-492e-bb17-554aba961c97": {
      "templateId": "HomebaseBannerIcon:StandardBanner20",
      "attributes": { "item_seen": true },
      "quantity": 1
    },
    "1fe6f481-0896-48a9-8a40-f8b4b6061d3d": {
      "templateId": "HomebaseBannerIcon:StandardBanner21",
      "attributes": { "item_seen": true },
      "quantity": 1
    },
    "de54826e-fad5-40db-9d2d-8a593943931e": {
      "templateId": "HomebaseBannerIcon:StandardBanner22",
      "attributes": { "item_seen": true },
      "quantity": 1
    },
    "300c87c0-80c4-4163-962d-eb266194b5d8": {
      "templateId": "HomebaseBannerIcon:StandardBanner23",
      "attributes": { "item_seen": true },
      "quantity": 1
    },
    "bce6d223-8d7b-4f76-94c8-1b65537036e5": {
      "templateId": "HomebaseBannerIcon:StandardBanner24",
      "attributes": { "item_seen": true },
      "quantity": 1
    },
    "c6867610-e411-4674-8379-e40681ff0a22": {
      "templateId": "HomebaseBannerIcon:StandardBanner25",
      "attributes": { "item_seen": true },
      "quantity": 1
    },
    "85c80a24-da15-490c-b0b5-988bdb3fa01e": {
      "templateId": "HomebaseBannerIcon:StandardBanner26",
      "attributes": { "item_seen": true },
      "quantity": 1
    },
    "c08a334b-4438-49b1-8a89-e161674a2720": {
      "templateId": "HomebaseBannerIcon:StandardBanner27",
      "attributes": { "item_seen": true },
      "quantity": 1
    },
    "9e8b518f-9b2b-4957-ab29-b449765749b7": {
      "templateId": "HomebaseBannerIcon:StandardBanner28",
      "attributes": { "item_seen": true },
      "quantity": 1
    },
    "38ac16be-3ea4-436f-8c28-062c2985b7fa": {
      "templateId": "HomebaseBannerIcon:StandardBanner29",
      "attributes": { "item_seen": true },
      "quantity": 1
    },
    "43d247d8-501c-4719-b699-50485c819ed0": {
      "templateId": "HomebaseBannerIcon:StandardBanner30",
      "attributes": { "item_seen": true },
      "quantity": 1
    },
    "44973666-1e3c-4ecb-8811-c72b714f2098": {
      "templateId": "HomebaseBannerIcon:StandardBanner31",
      "attributes": { "item_seen": true },
      "quantity": 1
    },
    "afea3d70-596a-4050-bc5b-3ee2576e021d": {
      "templateId": "HomebaseBannerIcon:BRSeason01",
      "attributes": { "item_seen": true },
      "quantity": 1
    }
  },

  "stats": {
    "templateId": "profile_v2",
    "attributes": {
      "node_costs": {},
      "mission_alert_redemption_record": {
        "lastClaimedGuidPerTheater": null,
        "lastClaimTimesMap": null
      },
      "twitch": {},
      "client_settings": {
        "pinnedQuestInstances": []
      },
      "level": 1,
      "named_counters": {
        "SubGameSelectCount_Campaign": {
          "current_count": 1,
          "last_incremented_time": "2024-09-16T05:04:46.290Z"
        },
        "SubGameSelectCount_Athena": {
          "current_count": 0,
          "last_incremented_time": ""
        }
      },
      "default_hero_squad_id": "",
      "collection_book": {},
      "quest_manager": {},
      "campaign_stats": [],
      "bans": {},
      "gameplay_stats": [
        {
          "statName": "zonescompleted",
          "statValue": 1
        }
      ],
      "inventory_limit_bonus": 100000,
      "current_mtx_platform": "Epic",
      "weekly_purchases": {}
    },
    "mode_loadouts": [],
    "in_app_purchases": {},
    "daily_rewards": {},
    "monthly_purchases": {},
    "xp": 0,
    "homebase": {
      "townName": "",
      "bannerIconId": "",
      "bannerColorId": "",
      " flagPattern": -1,
      "flagColor": -1
    },
    "packs_granted": 0
  }
}
