{
  "//": "BR Item Shop Config",
  "daily1": {
    "itemGrants": [
      "AthenaLoadingscreen:LSID_053_SupplyLlama"
    ],
    "price": 200
  },
  "daily2": {
    "itemGrants": [
      "AthenaBackpack:BID_249_StreetOpsStealth"
    ],
    "price": 400
  },
  "daily3": {
    "itemGrants": [
      "AthenaBackpack:BID_065_CarbideBlack"
    ],
    "price": 900
  },
  "daily4": {
    "itemGrants": [
      "AthenaBackpack:BID_151_SushiChefFemale"
    ],
    "price": 400
  },
  "daily5": {
    "itemGrants": [
      "AthenaDance:EID_HandSignals"
    ],
    "price": 500
  },
  "daily6": {
    "itemGrants": [
      "AthenaBackpack:BID_030_TacticalRogue"
    ],
    "price": 700
  },
  "featured1": {
    "itemGrants": [
      "AthenaCharacter:CID_452_Athena_Commando_F_CyberFu"
    ],
    "price": 1200
  },
  "featured2": {
    "itemGrants": [
      "AthenaCharacter:CID_394_Athena_Commando_M_MoonlightAssassin"
    ],
    "price": 1500
  }
}