{
  "$schema": "../gen/schemas/desktop-schema.json",
  "identifier": "default",
  "description": "Capability for the main window",
  "windows": ["main"],
  "permissions": [
    "core:default",
    "opener:default",
    "core:window:allow-start-dragging",
    "core:window:allow-minimize",
    "core:window:allow-close",
    "core:app:allow-app-hide",
    "core:app:allow-app-show",
    "core:window:allow-create",
    "dialog:default",
    "dialog:allow-open",
    "notification:default",
    "notification:allow-notify",
    "shell:default"
  ]
}
