{
  "created": "2022-01-08T22:58:06.983Z",
  "updated": "2022-01-08T22:58:57.261Z",
  "rvn": 1,
  "wipeNumber": 1,
  "accountId": "",
  "profileId": "athena",
  "version": "no_version",
  "items": {
    "sandbox_loadout": {
      "templateId": "CosmeticLocker:cosmeticlocker_athena",
      "attributes": {
        "locker_slots_data": {
          "slots": {
            "Pickaxe": {
              "items": [
                "AthenaPickaxe:DefaultPickaxe"
              ],
              "activeVariants": []
            },
            "Dance": {
              "items": [
                "AthenaDance:EID_BoogieDown",
                "AthenaDance:EID_DanceMoves",
                "",
                "",
                "",
                ""
              ]
            },
            "Glider": {
              "items": [
                "AthenaGlider:DefaultGlider"
              ]
            },
            "Character": {
              "items": [
                "AthenaCharacter:CID_001_Athena_Commando_F_Default"
              ],
              "activeVariants": [
                {
                  "variants": []
                }
              ]
            },
            "Backpack": {
              "items": [
                ""
              ],
              "activeVariants": [
                {
                  "variants": []
                }
              ]
            },
            "ItemWrap": {
              "items": [
                "",
                "",
                "",
                "",
                "",
                "",
                ""
              ],
              "activeVariants": [
                null,
                null,
                null,
                null,
                null,
                null,
                null
              ]
            },
            "LoadingScreen": {
              "items": [
                ""
              ],
              "activeVariants": [
                null
              ]
            },
            "MusicPack": {
              "items": [
                ""
              ],
              "activeVariants": [
                null
              ]
            },
            "SkyDiveContrail": {
              "items": [
                ""
              ],
              "activeVariants": [
                null
              ]
            }
          }
        },
        "use_count": 1,
        "banner_icon_template": "",
        "locker_name": "",
        "banner_color_template": "",
        "item_seen": false,
        "favorite": false
      },
      "quantity": 1
    },
    "canyon0-loadout": {
      "templateId": "CosmeticLocker:cosmeticlocker_athena",
      "attributes": {
        "locker_slots_data": {
          "slots": {
            "Pickaxe": {
              "items": [
                ""
              ],
              "activeVariants": []
            },
            "Dance": {
              "items": [
                "",
                "",
                "",
                "",
                "",
                ""
              ]
            },
            "Glider": {
              "items": [
                ""
              ]
            },
            "Character": {
              "items": [
                ""
              ],
              "activeVariants": [
                {
                  "variants": []
                }
              ]
            },
            "Backpack": {
              "items": [
                ""
              ],
              "activeVariants": [
                {
                  "variants": []
                }
              ]
            },
            "ItemWrap": {
              "items": [
                "",
                "",
                "",
                "",
                "",
                "",
                ""
              ],
              "activeVariants": [
                null,
                null,
                null,
                null,
                null,
                null,
                null
              ]
            },
            "LoadingScreen": {
              "items": [
                ""
              ],
              "activeVariants": [
                null
              ]
            },
            "MusicPack": {
              "items": [
                ""
              ],
              "activeVariants": [
                null
              ]
            },
            "SkyDiveContrail": {
              "items": [
                ""
              ],
              "activeVariants": [
                null
              ]
            }
          }
        },
        "use_count": 1,
        "banner_icon_template": "",
        "locker_name": "canyonV3",
        "banner_color_template": "",
        "item_seen": false,
        "favorite": false
      },
      "quantity": 1
    },
    "AthenaCharacter:CID_001_Athena_Commando_F_Default": {
      "attributes": {
        "favorite": false,
        "item_seen": true,
        "level": 0,
        "max_level_bonus": 0,
        "rnd_sel_cnt": 0,
        "variants": [],
        "xp": 0
      },
      "templateId": "AthenaCharacter:CID_001_Athena_Commando_F_Default"
    },
    "AthenaCharacter:CID_002_Athena_Commando_F_Default": {
      "attributes": {
        "favorite": false,
        "item_seen": true,
        "level": 0,
        "max_level_bonus": 0,
        "rnd_sel_cnt": 0,
        "variants": [],
        "xp": 0
      },
      "templateId": "AthenaCharacter:CID_002_Athena_Commando_F_Default"
    },
    "AthenaCharacter:CID_003_Athena_Commando_F_Default": {
      "attributes": {
        "favorite": false,
        "item_seen": true,
        "level": 0,
        "max_level_bonus": 0,
        "rnd_sel_cnt": 0,
        "variants": [],
        "xp": 0
      },
      "templateId": "AthenaCharacter:CID_003_Athena_Commando_F_Default"
    },
    "AthenaCharacter:CID_004_Athena_Commando_F_Default": {
      "attributes": {
        "favorite": false,
        "item_seen": true,
        "level": 0,
        "max_level_bonus": 0,
        "rnd_sel_cnt": 0,
        "variants": [],
        "xp": 0
      },
      "templateId": "AthenaCharacter:CID_004_Athena_Commando_F_Default"
    },
    "AthenaCharacter:CID_005_Athena_Commando_M_Default": {
      "attributes": {
        "favorite": false,
        "item_seen": true,
        "level": 0,
        "max_level_bonus": 0,
        "rnd_sel_cnt": 0,
        "variants": [],
        "xp": 0
      },
      "templateId": "AthenaCharacter:CID_005_Athena_Commando_M_Default"
    },
    "AthenaCharacter:CID_006_Athena_Commando_M_Default": {
      "attributes": {
        "favorite": false,
        "item_seen": true,
        "level": 0,
        "max_level_bonus": 0,
        "rnd_sel_cnt": 0,
        "variants": [],
        "xp": 0
      },
      "templateId": "AthenaCharacter:CID_006_Athena_Commando_M_Default"
    },
    "AthenaCharacter:CID_007_Athena_Commando_M_Default": {
      "attributes": {
        "favorite": false,
        "item_seen": true,
        "level": 0,
        "max_level_bonus": 0,
        "rnd_sel_cnt": 0,
        "variants": [],
        "xp": 0
      },
      "templateId": "AthenaCharacter:CID_007_Athena_Commando_M_Default"
    },
    "AthenaCharacter:CID_008_Athena_Commando_M_Default": {
      "attributes": {
        "favorite": false,
        "item_seen": true,
        "level": 0,
        "max_level_bonus": 0,
        "rnd_sel_cnt": 0,
        "variants": [],
        "xp": 0
      },
      "templateId": "AthenaCharacter:CID_008_Athena_Commando_M_Default"
    },
    "AthenaCharacter:CID_556_Athena_Commando_F_RebirthDefaultA": {
      "attributes": {
        "favorite": false,
        "item_seen": true,
        "level": 0,
        "max_level_bonus": 0,
        "rnd_sel_cnt": 0,
        "variants": [],
        "xp": 0
      },
      "templateId": "AthenaCharacter:CID_556_Athena_Commando_F_RebirthDefaultA"
    },
    "AthenaCharacter:CID_557_Athena_Commando_F_RebirthDefaultB": {
      "attributes": {
        "favorite": false,
        "item_seen": true,
        "level": 0,
        "max_level_bonus": 0,
        "rnd_sel_cnt": 0,
        "variants": [],
        "xp": 0
      },
      "templateId": "AthenaCharacter:CID_557_Athena_Commando_F_RebirthDefaultB"
    },
    "AthenaCharacter:CID_558_Athena_Commando_F_RebirthDefaultC": {
      "attributes": {
        "favorite": false,
        "item_seen": true,
        "level": 0,
        "max_level_bonus": 0,
        "rnd_sel_cnt": 0,
        "variants": [],
        "xp": 0
      },
      "templateId": "AthenaCharacter:CID_558_Athena_Commando_F_RebirthDefaultC"
    },
    "AthenaCharacter:CID_559_Athena_Commando_F_RebirthDefaultD": {
      "attributes": {
        "favorite": false,
        "item_seen": true,
        "level": 0,
        "max_level_bonus": 0,
        "rnd_sel_cnt": 0,
        "variants": [],
        "xp": 0
      },
      "templateId": "AthenaCharacter:CID_559_Athena_Commando_F_RebirthDefaultD"
    },
    "AthenaCharacter:CID_560_Athena_Commando_M_RebirthDefaultA": {
      "attributes": {
        "favorite": false,
        "item_seen": true,
        "level": 0,
        "max_level_bonus": 0,
        "rnd_sel_cnt": 0,
        "variants": [],
        "xp": 0
      },
      "templateId": "AthenaCharacter:CID_560_Athena_Commando_M_RebirthDefaultA"
    },
    "AthenaCharacter:CID_561_Athena_Commando_M_RebirthDefaultB": {
      "attributes": {
        "favorite": false,
        "item_seen": true,
        "level": 0,
        "max_level_bonus": 0,
        "rnd_sel_cnt": 0,
        "variants": [],
        "xp": 0
      },
      "templateId": "AthenaCharacter:CID_561_Athena_Commando_M_RebirthDefaultB"
    },
    "AthenaCharacter:CID_562_Athena_Commando_M_RebirthDefaultC": {
      "attributes": {
        "favorite": false,
        "item_seen": true,
        "level": 0,
        "max_level_bonus": 0,
        "rnd_sel_cnt": 0,
        "variants": [],
        "xp": 0
      },
      "templateId": "AthenaCharacter:CID_562_Athena_Commando_M_RebirthDefaultC"
    },
    "AthenaCharacter:CID_563_Athena_Commando_M_RebirthDefaultD": {
      "attributes": {
        "favorite": false,
        "item_seen": true,
        "level": 0,
        "max_level_bonus": 0,
        "rnd_sel_cnt": 0,
        "variants": [],
        "xp": 0
      },
      "templateId": "AthenaCharacter:CID_563_Athena_Commando_M_RebirthDefaultD"
    },
    "AthenaCharacter:cid_a_272_athena_commando_f_prime": {
      "attributes": {
        "favorite": false,
        "item_seen": true,
        "level": 0,
        "max_level_bonus": 0,
        "rnd_sel_cnt": 0,
        "variants": [],
        "xp": 0
      },
      "templateId": "AthenaCharacter:cid_a_272_athena_commando_f_prime"
    },
    "AthenaPickaxe:DefaultPickaxe": {
      "attributes": {
        "favorite": false,
        "item_seen": true,
        "level": 0,
        "max_level_bonus": 0,
        "rnd_sel_cnt": 0,
        "variants": [],
        "xp": 0
      },
      "templateId": "AthenaPickaxe:DefaultPickaxe"
    },
    "AthenaGlider:DefaultGlider": {
      "attributes": {
        "favorite": false,
        "item_seen": true,
        "level": 0,
        "max_level_bonus": 0,
        "rnd_sel_cnt": 0,
        "variants": [],
        "xp": 0
      },
      "templateId": "AthenaGlider:DefaultGlider"
    },
    "AthenaDance:EID_DanceMoves": {
      "attributes": {
        "favorite": false,
        "item_seen": true,
        "level": 0,
        "max_level_bonus": 0,
        "rnd_sel_cnt": 0,
        "variants": [],
        "xp": 0
      },
      "templateId": "AthenaDance:EID_DanceMoves"
    }
  },
  "stats": {
    "attributes": {
      "season_match_boost": 10,
      "loadouts": [
        "sandbox_loadout",
        "canyon0-loadout"
      ],
      "rested_xp_overflow": 0,
      "mfa_reward_claimed": false,
      "quest_manager": {},
      "book_level": 1,
      "season_num": 2,
      "season_update": 1,
      "book_xp": 1,
      "permissions": [],
      "book_purchased": false,
      "lifetime_wins": 0,
      "party_assist_quest": "",
      "purchased_battle_pass_tier_offers": [],
      "rested_xp_exchange": 0.333,
      "level": 1,
      "xp_overflow": 0,
      "rested_xp": 0,
      "rested_xp_mult": 0,
      "accountLevel": 1,
      "competitive_identity": {},
      "inventory_limit_bonus": 0,
      "last_applied_loadout": "sandbox_loadout",
      "daily_rewards": {},
      "xp": 0,
      "season_friend_match_boost": 1,
      "active_loadout_index": 1,
      "favorite_musicpack": "",
      "favorite_glider": "",
      "favorite_pickaxe": "",
      "favorite_skydivecontrail": "",
      "favorite_backpack": "",
      "favorite_dance": [
        "",
        "",
        "",
        "",
        "",
        ""
      ],
      "favorite_itemwraps": [],
      "favorite_character": "",
      "favorite_loadingscreen": ""
    }
  },
  "commandRevision": 5
}