
  {
    "Type": "FortQuestItemDefinition",
    "Name": "AthenaDailyQuest_PlayerEliminationSniperRifles",
    "Class": "UScriptClass'FortQuestItemDefinition'",
    "Properties": {
      "DisplayName": "Sniper Rifle Eliminations",
      "Description": "Sniper Rifle Eliminations",
      "SeasonXP": 500,
      "SeasonBattleStars": 5,
      "Objectives": [ 
        {
          "BackendName": "athena_daily_kill_players_sniper_v2",
          "ObjectiveState": "killingblow_athena_player_sniper",
          "ItemEvent": "EFortQuestObjectiveItemEvent::Max_None",
          "ItemReference": "",
          "ItemTemplateIdOverride": "",
          "Description": "Sniper Rifle Eliminations",
          "HudShortDescription": "Sniper Rifle Eliminations",
          "Count": 1,
          "Stage": -1,
          "bHidden": false
        }
      ]
    }
  }
