
  {
    "Type": "FortQuestItemDefinition",
    "Name": "AthenaDaily_Squad_Top12",
    "Class": "UScriptClass'FortQuestItemDefinition'",
    "Properties": {
      "DisplayName": "Place Top 12 in Squads",
      "Description": "Place Top 12 in Squads",
      "SeasonXP": 500,
      "SeasonBattleStars": 5,
      "Objectives": [
        { 
          "BackendName": "daily_athena_squad_top12",
          "ObjectiveState": "complete_athena_squad_top_12",
          "ItemEvent": "EFortQuestObjectiveItemEvent::Max_None",
          "ItemReference": "",
          "ItemTemplateIdOverride": "",
          "Description": "Place Top 12 in Squads",
          "HudShortDescription": "Place Top 12 in Squads",
          "Count": 5,
          "Stage": -1,
          "bHidden": false
        }
      ]
    }
  }
