
  {
    "Type": "FortQuestItemDefinition",
    "Name": "AthenaDaily_Solo_Top25",
    "Class": "UScriptClass'FortQuestItemDefinition'",
    "Properties": {
      "DisplayName": "Place Top 25 in Solo",
      "Description": "Place Top 25 in Solo",
      "SeasonXP": 500,
      "SeasonBattleStars": 5,
      "Objectives": [
        {
          "BackendName": "daily_athena_solo_top25_v2", 
          "ObjectiveState": "complete_athena_solo_top_25",
          "ItemEvent": "EFortQuestObjectiveItemEvent::Max_None",
          "ItemReference": "",
          "ItemTemplateIdOverride": "",
          "Description": "Place Top 25 in Solo",
          "HudShortDescription": "Place Top 25 in Solo",
          "Count": 1,
          "Stage": -1,
          "bHidden": false
        }
      ]
    }
  }
